,experiment_type,variant,train_sites,test_site,model,n_train,n_test,n_features_used,features_used,best_params,results_path,roc_auc,pr_auc,brier_score,accuracy,f1,precision,recall,specificity,prevalence,ece,mce,roc_auc_ci_lower,roc_auc_ci_upper,pr_auc_ci_lower,pr_auc_ci_upper,brier_score_ci_lower,brier_score_ci_upper,accuracy_ci_lower,accuracy_ci_upper,ece_ci_lower,ece_ci_upper,cfs_full_auc,cfs_cfs_auc,cfs_auc_drop,cfs_relative_drop_pct,internal_auc,auc_delta
0,external_kaggle_uci,cfs,cleveland,kaggle,lgbm,303.0,68726,3,"['age', 'sex', 'sys_bp']","{'num_leaves': 15, 'max_depth': 3, 'learning_rate': 0.01}",outputs\runs\20260301T225358_93bf3a3395d35eb1\external_kaggle_uci\cfs\cleveland__to__kaggle\lgbm\results.json,0.6348076147591171,0.6035930838518487,0.2801805136481167,0.582268719261997,0.4421862552703674,0.6513451631368059,0.33470600347089446,0.8246134354573987,0.49467450455431716,0.1809175505776853,0.5822001504104197,0.6306151612967563,0.6388886804125001,0.5980067423436176,0.6093232938427022,0.27825817543792913,0.2819966028337348,0.5785292320228153,0.5863083112650235,0.17723862325466624,0.18442781778143513,,,,,0.7971238419064719,-0.16231622714735483
1,external_kaggle_uci,cfs,cleveland,kaggle,lr,303.0,68726,3,"['age', 'sex', 'sys_bp']",{'C': 0.1},outputs\runs\20260301T225358_93bf3a3395d35eb1\external_kaggle_uci\cfs\cleveland__to__kaggle\lr\results.json,0.6381552609720769,0.6188310747248228,0.2650077956317439,0.5555393882955505,0.3693273320394764,0.6195192907113666,0.26308203665029267,0.8418324743010165,0.49467450455431716,0.16016698184635314,0.2654365959511805,0.6339164126381505,0.6421757558735185,0.6131829976489207,0.6242751244935334,0.2634977958575663,0.2665489101443946,0.5518788377033437,0.5592865145650846,0.15658660839167737,0.1638965746138018,,,,,0.7851634457410952,-0.14700818476901834
2,external_kaggle_uci,cfs,cleveland,kaggle,rf,303.0,68726,3,"['age', 'sex', 'sys_bp']","{'max_depth': 5, 'min_samples_leaf': 10}",outputs\runs\20260301T225358_93bf3a3395d35eb1\external_kaggle_uci\cfs\cleveland__to__kaggle\rf\results.json,0.6451144348236013,0.607542400693177,0.2539350353926415,0.5972266682187236,0.48639020317283604,0.658709418031963,0.3855340177074448,0.8044573699213914,0.49467450455431716,0.12995853163107457,0.4349764951965197,0.6409541673696595,0.649024973994075,0.6017692861618639,0.6135084343668193,0.2523733910319777,0.25553359090678995,0.5936617873875971,0.6010465471582808,0.1262202306585397,0.1337638472068076,,,,,0.7960059640758118,-0.1508915292522105
3,external_kaggle_uci,cfs,cleveland,kaggle,xgb,303.0,68726,3,"['age', 'sex', 'sys_bp']","{'subsample': 0.8, 'max_depth': 3, 'learning_rate': 0.01}",outputs\runs\20260301T225358_93bf3a3395d35eb1\external_kaggle_uci\cfs\cleveland__to__kaggle\xgb\results.json,0.6425863015305039,0.6081154306600334,0.2684559226036072,0.5724325582748887,0.43172368446498677,0.6301942186088527,0.3283230873312351,0.8113968153416453,0.49467450455431716,0.15625260166282467,0.3094467367208174,0.6384542487945664,0.6465508386208989,0.6025333279260173,0.6135285742419937,0.26664154455065725,0.27030753120779993,0.5688051101475424,0.5762233361464366,0.15267466571074093,0.1601124990148612,,,,,0.7962479675141004,-0.15366166598359654
4,external_kaggle_uci,cfs,cleveland+hungary+switzerland+va,kaggle,lgbm,920.0,68726,3,"['age', 'sex', 'sys_bp']","{'num_leaves': 15, 'max_depth': 3, 'learning_rate': 0.01}",outputs\runs\20260301T225358_93bf3a3395d35eb1\external_kaggle_uci\cfs\cleveland+hungary+switzerland+va__to__kaggle\lgbm\results.json,0.621915589293489,0.5950483785465599,0.26241436628347276,0.5491371533335273,0.4650207182320442,0.5629310705179116,0.3961231873400594,0.6989259696507242,0.49467450455431716,0.1599390203930966,0.4760539045317138,0.6177602503660374,0.6260443897657827,0.5891938507821943,0.6003055717293534,0.26076395771179633,0.2639323907209221,0.5455271658469866,0.5530396065535604,0.15623940235055772,0.16328798896470414,,,,,0.7971238419064719,-0.1752082526129829
5,external_kaggle_uci,cfs,cleveland+hungary+switzerland+va,kaggle,lr,920.0,68726,3,"['age', 'sex', 'sys_bp']",{'C': 10},outputs\runs\20260301T225358_93bf3a3395d35eb1\external_kaggle_uci\cfs\cleveland+hungary+switzerland+va__to__kaggle\lr\results.json,0.6033781435913419,0.5844540221106687,0.2724826856164798,0.5315310071879638,0.4028710263733818,0.5452035540384519,0.31946936494396566,0.7391229232053903,0.49467450455431716,0.17805024129091224,0.30672574934213237,0.5989777598016535,0.6075694988645344,0.5785208273783625,0.5900898725145857,0.2709168270964444,0.27398222566922237,0.5280527020341647,0.5353439746238687,0.17451568430370795,0.1814090833781126,,,,,0.7851634457410952,-0.1817853021497533
6,external_kaggle_uci,cfs,cleveland+hungary+switzerland+va,kaggle,rf,920.0,68726,3,"['age', 'sex', 'sys_bp']","{'max_depth': 5, 'min_samples_leaf': 10}",outputs\runs\20260301T225358_93bf3a3395d35eb1\external_kaggle_uci\cfs\cleveland+hungary+switzerland+va__to__kaggle\rf\results.json,0.6347720797830227,0.6068513560678739,0.26118615981235077,0.5673835229752932,0.4346238685631703,0.6147060405572589,0.3361473071153337,0.7937458608079703,0.49467450455431716,0.14230574642629487,0.37869726462402,0.6307948425726292,0.6389582026581877,0.601199345686868,0.6124732224642799,0.25959253683409844,0.2627257164665584,0.5639848819951692,0.5711666618164887,0.1387864737075683,0.14631448192011154,,,,,0.7960059640758118,-0.16123388429278906
7,external_kaggle_uci,cfs,cleveland+hungary+switzerland+va,kaggle,xgb,920.0,68726,3,"['age', 'sex', 'sys_bp']","{'subsample': 0.8, 'max_depth': 3, 'learning_rate': 0.01}",outputs\runs\20260301T225358_93bf3a3395d35eb1\external_kaggle_uci\cfs\cleveland+hungary+switzerland+va__to__kaggle\xgb\results.json,0.6319556639092568,0.6038080114199004,0.26033058762550354,0.5524110234845618,0.46038066836242436,0.5703233657858137,0.3859752331088037,0.7153387658729016,0.49467450455431716,0.15622086382820624,0.37755040834058795,0.6278554637954786,0.6360976448268019,0.5976516021744114,0.6090825739161846,0.25869665667414665,0.2618828147649765,0.5487712074033118,0.5564124203358263,0.15268976715637098,0.1595201679661003,,,,,0.7962479675141004,-0.1642923036048436
8,external_kaggle_uci,cfs,hungary,kaggle,lgbm,294.0,68726,3,"['age', 'sex', 'sys_bp']","{'num_leaves': 15, 'max_depth': 3, 'learning_rate': 0.01}",outputs\runs\20260301T225358_93bf3a3395d35eb1\external_kaggle_uci\cfs\hungary__to__kaggle\lgbm\results.json,0.6566361922947652,0.6390145678029759,0.29224884377086113,0.564531618310392,0.2665065437968727,0.7989713445995591,0.1599258758125717,0.9606092890667741,0.49467450455431716,0.24093041846409566,0.37025731724682814,0.6527167444203131,0.660923872883475,0.6338809878139554,0.6445660733567288,0.29027572184160216,0.2942771091422764,0.5607630300032012,0.5681914413758985,0.23723789801483167,0.2446433317150486,,,,,0.7971238419064719,-0.14048764961170668
9,external_kaggle_uci,cfs,hungary,kaggle,lr,294.0,68726,3,"['age', 'sex', 'sys_bp']",{'C': 0.001},outputs\runs\20260301T225358_93bf3a3395d35eb1\external_kaggle_uci\cfs\hungary__to__kaggle\lr\results.json,0.648797571933125,0.6300794946667045,0.2667120905431792,0.5053254954456828,0.0,0.0,0.0,1.0,0.49467450455431716,0.1390730297192867,0.1390730297192867,0.6446948171800727,0.6530143749624036,0.6245156465427072,0.6353597078135748,0.2656385288941688,0.26788563201841525,0.5012222448563862,0.5089784070075372,0.13541629484742776,0.1431425684830889,,,,,0.7851634457410952,-0.13636587380797016
10,external_kaggle_uci,cfs,hungary,kaggle,rf,294.0,68726,3,"['age', 'sex', 'sys_bp']","{'max_depth': 10, 'min_samples_leaf': 10}",outputs\runs\20260301T225358_93bf3a3395d35eb1\external_kaggle_uci\cfs\hungary__to__kaggle\rf\results.json,0.6607649960472457,0.6399199096336607,0.2463083034536476,0.5433460407996974,0.3385601079076041,0.5971303248829083,0.23625614024766892,0.8439632583719658,0.49467450455431716,0.15292808756554546,0.2566661694035574,0.6570794140769362,0.6650286676533497,0.6346010042508063,0.6458489838268379,0.24494485055112905,0.24763880874936695,0.5398026220062276,0.5472317609056253,0.14933572241309936,0.1566279626365215,,,,,0.7960059640758118,-0.1352409680285661
11,external_kaggle_uci,cfs,hungary,kaggle,xgb,294.0,68726,3,"['age', 'sex', 'sys_bp']","{'subsample': 1.0, 'max_depth': 3, 'learning_rate': 0.01}",outputs\runs\20260301T225358_93bf3a3395d35eb1\external_kaggle_uci\cfs\hungary__to__kaggle\xgb\results.json,0.6076393568535472,0.5936180321953303,0.28908056020736694,0.5452667112883043,0.22185150141925203,0.7226277372262774,0.1310409742036062,0.9507616113334677,0.49467450455431716,0.21412967307201417,0.410899239262258,0.6034896097311886,0.6119932271485575,0.5881486720139751,0.5996371426281181,0.2872210264205933,0.2909565933048725,0.5412853214212962,0.5492688356662689,0.21050413442059615,0.21828921992378147,,,,,0.7962479675141004,-0.18860861066055323
12,external_kaggle_uci,cfs,kaggle,cleveland,lgbm,68726.0,303,3,"['age', 'sex', 'sys_bp']","{'num_leaves': 15, 'max_depth': 3, 'learning_rate': 0.05}",outputs\runs\20260301T225358_93bf3a3395d35eb1\external_kaggle_uci\cfs\kaggle__to__cleveland\lgbm\results.json,0.5885462361817863,0.5327197020074101,0.28008125875132345,0.5379537953795379,0.5652173913043478,0.4972677595628415,0.6546762589928058,0.43902439024390244,0.45874587458745875,0.18904639500756162,0.42016469925040945,0.52233621933853,0.6491320607462174,0.45318632562468053,0.6214818816421637,0.2528770334423893,0.31020972696140464,0.48184818481848185,0.5907590759075908,0.1468948409590326,0.247623316990164,,,,,0.9469696969696969,-0.35842346078791065
13,external_kaggle_uci,cfs,kaggle,cleveland,lr,68726.0,303,3,"['age', 'sex', 'sys_bp']",{'C': 1},outputs\runs\20260301T225358_93bf3a3395d35eb1\external_kaggle_uci\cfs\kaggle__to__cleveland\lr\results.json,0.6173012809264783,0.5710642082220911,0.2712687788211046,0.5808580858085809,0.5993690851735016,0.5337078651685393,0.6834532374100719,0.49390243902439024,0.45874587458745875,0.16166942259215136,0.34245105522045394,0.5504018468333741,0.6821455338642839,0.493333240552301,0.665086528323321,0.24482491544410478,0.3017486874398006,0.523019801980198,0.6386963696369636,0.12333935915639999,0.22470191084229046,,,,,0.9632034632034632,-0.3459021822769849
14,external_kaggle_uci,cfs,kaggle,cleveland,rf,68726.0,303,3,"['age', 'sex', 'sys_bp']","{'max_depth': 5, 'min_samples_leaf': 1}",outputs\runs\20260301T225358_93bf3a3395d35eb1\external_kaggle_uci\cfs\kaggle__to__cleveland\rf\results.json,0.5758247060887876,0.5172796123437253,0.28037867892819834,0.5214521452145214,0.5510835913312694,0.483695652173913,0.6402877697841727,0.42073170731707316,0.45874587458745875,0.18856575168869222,0.32883212528203126,0.5072983720085065,0.6382705169559137,0.4433160033062054,0.6058006029742298,0.25482190842318286,0.30709983883536185,0.46204620462046203,0.5775577557755776,0.1451610493088937,0.25148474616589567,,,,,0.9696969696969697,-0.39387226360818217
15,external_kaggle_uci,cfs,kaggle,cleveland,xgb,68726.0,303,3,"['age', 'sex', 'sys_bp']","{'subsample': 1.0, 'max_depth': 3, 'learning_rate': 0.05}",outputs\runs\20260301T225358_93bf3a3395d35eb1\external_kaggle_uci\cfs\kaggle__to__cleveland\xgb\results.json,0.5861993332163538,0.5167007453283916,0.28363218903541565,0.5346534653465347,0.5688073394495413,0.4946808510638298,0.6690647482014388,0.42073170731707316,0.45874587458745875,0.19905848245416147,0.4090953469276428,0.5198953220500616,0.6479802316835002,0.4448953835851753,0.6019558423319958,0.25531366243958475,0.31465608477592466,0.4801155115511551,0.5874587458745875,0.15668285736451448,0.2567664814744108,,,,,0.948051948051948,-0.3618526148355943
16,external_kaggle_uci,cfs,kaggle,cleveland+hungary+switzerland+va,lgbm,68726.0,920,3,"['age', 'sex', 'sys_bp']","{'num_leaves': 15, 'max_depth': 3, 'learning_rate': 0.05}",outputs\runs\20260301T225358_93bf3a3395d35eb1\external_kaggle_uci\cfs\kaggle__to__cleveland+hungary+switzerland+va\lgbm\results.json,0.5711236669391344,0.6076651734393643,0.2881938286214465,0.5521739130434783,0.5952848722986247,0.5952848722986247,0.5952848722986247,0.49878345498783455,0.5532608695652174,0.19106638748153806,0.42204481384217074,0.5350721754622386,0.6041808326558853,0.567837589455925,0.6532419130011409,0.2722109267367678,0.30455305446568515,0.5217391304347826,0.5815217391304348,0.1680724118550549,0.22457358643297454,,,,,0.7060019129603061,-0.1348782460211717
17,external_kaggle_uci,cfs,kaggle,cleveland+hungary+switzerland+va,lr,68726.0,920,3,"['age', 'sex', 'sys_bp']",{'C': 1},outputs\runs\20260301T225358_93bf3a3395d35eb1\external_kaggle_uci\cfs\kaggle__to__cleveland+hungary+switzerland+va\lr\results.json,0.6087576900463195,0.6541029542448376,0.26357056926282474,0.5815217391304348,0.624390243902439,0.6201550387596899,0.6286836935166994,0.5231143552311436,0.5532608695652174,0.13240182099576026,0.3787474943855379,0.5737169933460811,0.6422665096603374,0.6114515152584115,0.7016426725284961,0.2479571322373048,0.27945137054504304,0.5516032608695652,0.6097826086956522,0.11018334200355401,0.1664646632421436,,,,,0.7068388330942132,-0.09808114304789373
18,external_kaggle_uci,cfs,kaggle,cleveland+hungary+switzerland+va,rf,68726.0,920,3,"['age', 'sex', 'sys_bp']","{'max_depth': 5, 'min_samples_leaf': 1}",outputs\runs\20260301T225358_93bf3a3395d35eb1\external_kaggle_uci\cfs\kaggle__to__cleveland+hungary+switzerland+va\rf\results.json,0.5859970649955306,0.6307309940505574,0.27088907862269057,0.5434782608695652,0.5922330097087378,0.5854126679462572,0.5992141453831041,0.4744525547445255,0.5532608695652174,0.16727566038362363,0.29864439732115067,0.5502071964601887,0.620799569623099,0.5900019692464672,0.6805618897963954,0.2566322220526332,0.2856338250774231,0.5124728260869565,0.5744836956521738,0.14448429230928592,0.20063967526387,,,,,0.7136537541846006,-0.12765668918907003
19,external_kaggle_uci,cfs,kaggle,cleveland+hungary+switzerland+va,xgb,68726.0,920,3,"['age', 'sex', 'sys_bp']","{'subsample': 1.0, 'max_depth': 3, 'learning_rate': 0.05}",outputs\runs\20260301T225358_93bf3a3395d35eb1\external_kaggle_uci\cfs\kaggle__to__cleveland+hungary+switzerland+va\xgb\results.json,0.5904234723875353,0.6256968484557521,0.2775416672229767,0.575,0.6396313364055299,0.6024305555555556,0.6817288801571709,0.44282238442822386,0.5532608695652174,0.17529811373223428,0.43686753511428833,0.5547451959038828,0.6249410175429196,0.584855817635832,0.6697039019500498,0.26001083552837373,0.2952502377331257,0.5413043478260869,0.6082880434782607,0.15085598455822988,0.21052919177257495,,,,,0.6909971305595409,-0.10057365817200559
20,external_kaggle_uci,cfs,kaggle,hungary,lgbm,68726.0,294,3,"['age', 'sex', 'sys_bp']","{'num_leaves': 15, 'max_depth': 3, 'learning_rate': 0.05}",outputs\runs\20260301T225358_93bf3a3395d35eb1\external_kaggle_uci\cfs\kaggle__to__hungary\lgbm\results.json,0.5851314733038939,0.4641119566236328,0.298419953228101,0.5748299319727891,0.5318352059925093,0.4409937888198758,0.6698113207547169,0.5212765957446809,0.36054421768707484,0.2338096561742053,0.42114887327174094,0.5155708155416502,0.658009407573071,0.3793749954529063,0.5546216881453967,0.2658995738587729,0.3291110216818302,0.5204081632653061,0.6310374149659863,0.1902061017857474,0.29411075704798567,,,,,0.9016290726817042,-0.3164975993778103
21,external_kaggle_uci,cfs,kaggle,hungary,lr,68726.0,294,3,"['age', 'sex', 'sys_bp']",{'C': 1},outputs\runs\20260301T225358_93bf3a3395d35eb1\external_kaggle_uci\cfs\kaggle__to__hungary\lr\results.json,0.6055299076676033,0.4751138387257057,0.2710322216502618,0.5782312925170068,0.5079365079365079,0.4383561643835616,0.6037735849056604,0.5638297872340425,0.36054421768707484,0.20502947510071542,0.502046036241236,0.5426360911677007,0.6782707673446623,0.3956171371912364,0.5768487214173379,0.24105753343909378,0.2966739015115359,0.5238095238095238,0.6428571428571429,0.16437523847206562,0.2616782873084617,,,,,0.8721804511278195,-0.2666505434602162
22,external_kaggle_uci,cfs,kaggle,hungary,rf,68726.0,294,3,"['age', 'sex', 'sys_bp']","{'max_depth': 5, 'min_samples_leaf': 1}",outputs\runs\20260301T225358_93bf3a3395d35eb1\external_kaggle_uci\cfs\kaggle__to__hungary\rf\results.json,0.5982788036932959,0.4980774935832311,0.28611797098463826,0.564625850340136,0.5259259259259259,0.4329268292682927,0.6698113207547169,0.5053191489361702,0.36054421768707484,0.21837829330137598,0.41420947253138274,0.5253314885948732,0.6712523557027521,0.4116387446278262,0.6090378727694672,0.2578340253869476,0.3144408805982887,0.5102040816326531,0.6190476190476191,0.17782358348080402,0.2750548557915424,,,,,0.8834586466165414,-0.2851798429232455
23,external_kaggle_uci,cfs,kaggle,hungary,xgb,68726.0,294,3,"['age', 'sex', 'sys_bp']","{'subsample': 1.0, 'max_depth': 3, 'learning_rate': 0.05}",outputs\runs\20260301T225358_93bf3a3395d35eb1\external_kaggle_uci\cfs\kaggle__to__hungary\xgb\results.json,0.5903251706142112,0.48009414548205054,0.29721081256866455,0.5714285714285714,0.5298507462686567,0.4382716049382716,0.6698113207547169,0.5159574468085106,0.36054421768707484,0.23806864908915396,0.41207274246741743,0.5222887456277622,0.663005824938031,0.39798695571114656,0.5760885742027236,0.26471544057130814,0.32783004119992254,0.5170068027210885,0.6292517006802721,0.1959762177727863,0.2967424918815088,,,,,0.9035087719298246,-0.3131836013156134
24,external_kaggle_uci,cfs,kaggle,switzerland,lgbm,68726.0,123,3,"['age', 'sex', 'sys_bp']","{'num_leaves': 15, 'max_depth': 3, 'learning_rate': 0.05}",outputs\runs\20260301T225358_93bf3a3395d35eb1\external_kaggle_uci\cfs\kaggle__to__switzerland\lgbm\results.json,0.5592391304347826,0.9497380478051971,0.3077934215326982,0.5284552845528455,0.6777777777777778,0.9384615384615385,0.5304347826086957,0.5,0.9349593495934959,0.41467563968360327,0.854759482982668,0.29449233716475104,0.7647128402643107,0.892492022395309,0.9861450094071306,0.2634193810907564,0.36237235738160567,0.4266260162601626,0.6016260162601627,0.3465167002295027,0.4803979593383796,,,,,0.696086956521739,-0.13684782608695645
25,external_kaggle_uci,cfs,kaggle,switzerland,lr,68726.0,123,3,"['age', 'sex', 'sys_bp']",{'C': 1},outputs\runs\20260301T225358_93bf3a3395d35eb1\external_kaggle_uci\cfs\kaggle__to__switzerland\lr\results.json,0.5565217391304348,0.9378696129054085,0.29052363385308705,0.5609756097560976,0.7065217391304348,0.9420289855072463,0.5652173913043478,0.5,0.9349593495934959,0.4090451672873927,0.7784252924247415,0.2570969202898551,0.8051262315270936,0.8586088292924434,0.9866331680176292,0.2492077514338591,0.3427086521577323,0.4715447154471545,0.6422764227642277,0.35358948116384503,0.47477317898995913,,,,,0.7243478260869565,-0.16782608695652168
26,external_kaggle_uci,cfs,kaggle,switzerland,rf,68726.0,123,3,"['age', 'sex', 'sys_bp']","{'max_depth': 5, 'min_samples_leaf': 1}",outputs\runs\20260301T225358_93bf3a3395d35eb1\external_kaggle_uci\cfs\kaggle__to__switzerland\rf\results.json,0.5157608695652174,0.9118636284257782,0.2741408154577375,0.5040650406504065,0.655367231638418,0.9354838709677419,0.5043478260869565,0.5,0.9349593495934959,0.3958811315698934,0.7574033396975257,0.19414690657092762,0.7573093220338982,0.8292642898262743,0.9851370202592704,0.23629443692380944,0.31830983919938016,0.4065040650406504,0.5772357723577236,0.3373179618872558,0.45966762377419634,,,,,0.7217391304347827,-0.20597826086956528
27,external_kaggle_uci,cfs,kaggle,switzerland,xgb,68726.0,123,3,"['age', 'sex', 'sys_bp']","{'subsample': 1.0, 'max_depth': 3, 'learning_rate': 0.05}",outputs\runs\20260301T225358_93bf3a3395d35eb1\external_kaggle_uci\cfs\kaggle__to__switzerland\xgb\results.json,0.541304347826087,0.9379721823694294,0.2937718331813812,0.5609756097560976,0.7065217391304348,0.9420289855072463,0.5652173913043478,0.5,0.9349593495934959,0.39785086502873795,0.8437059462070465,0.24215793773649807,0.7729878917378917,0.8597472982161861,0.9862495879461218,0.2500070434063673,0.3458417601883411,0.4634146341463415,0.6341463414634146,0.33529520349773934,0.4600813006437043,,,,,0.758695652173913,-0.21739130434782594
28,external_kaggle_uci,cfs,kaggle,va,lgbm,68726.0,200,3,"['age', 'sex', 'sys_bp']","{'num_leaves': 15, 'max_depth': 3, 'learning_rate': 0.05}",outputs\runs\20260301T225358_93bf3a3395d35eb1\external_kaggle_uci\cfs\kaggle__to__va\lgbm\results.json,0.6223845242795105,0.8093985806022871,0.27339821916248097,0.555,0.642570281124498,0.8,0.5369127516778524,0.6078431372549019,0.745,0.2503624883035668,0.4785426908243181,0.5350631173448114,0.707070610837167,0.7415704019807162,0.8781876490646385,0.2418447266137198,0.31072785384469903,0.48,0.62,0.19940422799481075,0.3150089795551266,,,,,0.6466666666666667,-0.024282142387156203
29,external_kaggle_uci,cfs,kaggle,va,lr,68726.0,200,3,"['age', 'sex', 'sys_bp']",{'C': 1},outputs\runs\20260301T225358_93bf3a3395d35eb1\external_kaggle_uci\cfs\kaggle__to__va\lr\results.json,0.6222529280168444,0.8189528288484532,0.22436301804948705,0.6,0.7058823529411765,0.7804878048780488,0.6442953020134228,0.47058823529411764,0.745,0.16483789775822316,0.9997339272376421,0.5293266670820753,0.7083559718410263,0.7507071393509632,0.889221915797803,0.19798090228915177,0.2521980854208235,0.53,0.6626249999999999,0.12671082050441582,0.2312978112219896,,,,,0.8233333333333333,-0.20108040531648885
30,external_kaggle_uci,cfs,kaggle,va,rf,68726.0,200,3,"['age', 'sex', 'sys_bp']","{'max_depth': 5, 'min_samples_leaf': 1}",outputs\runs\20260301T225358_93bf3a3395d35eb1\external_kaggle_uci\cfs\kaggle__to__va\rf\results.json,0.6104750625082248,0.8193978571887005,0.2321260442342293,0.57,0.6692307692307692,0.7837837837837838,0.5838926174496645,0.5294117647058824,0.745,0.18585071113168614,0.4410698100271393,0.5213484636520055,0.69668777654489,0.7506571505830455,0.8849135955856552,0.2077411867860137,0.25539029828465615,0.505,0.6326249999999999,0.13862727504484906,0.2515305419656745,,,,,0.6666666666666667,-0.05619160415844193
31,external_kaggle_uci,cfs,kaggle,va,xgb,68726.0,200,3,"['age', 'sex', 'sys_bp']","{'subsample': 1.0, 'max_depth': 3, 'learning_rate': 0.05}",outputs\runs\20260301T225358_93bf3a3395d35eb1\external_kaggle_uci\cfs\kaggle__to__va\xgb\results.json,0.5278326095538887,0.7659493313194522,0.22941936552524567,0.65,0.7712418300653595,0.7515923566878981,0.7919463087248322,0.23529411764705882,0.745,0.15963619859889147,0.47950236996014917,0.4359875637688902,0.6331706810035843,0.6898415071043703,0.8465958313294545,0.19197479598224163,0.2661336839199066,0.58,0.72,0.11041320889443161,0.22919981842488046,,,,,0.6933333333333334,-0.1655007237794447
32,external_kaggle_uci,cfs,switzerland,kaggle,lgbm,123.0,68726,3,"['age', 'sex', 'sys_bp']","{'num_leaves': 31, 'max_depth': 5, 'learning_rate': 0.05}",outputs\runs\20260301T225358_93bf3a3395d35eb1\external_kaggle_uci\cfs\switzerland__to__kaggle\lgbm\results.json,0.5860004853822544,0.5833232617343188,0.4592932871195865,0.49546023339056544,0.6621720365156224,0.4950614766039275,0.9995881989587316,0.0019580177949264305,0.49467450455431716,0.4608582425772243,0.4849210407745337,0.5812502883889372,0.5904279985286035,0.5779194030888024,0.5890998392196432,0.45554946061658813,0.46269886364988555,0.4917392980822396,0.49956421150656233,0.45662868501679577,0.46465091893463006,,,,,0.7971238419064719,-0.21112335652421754
33,external_kaggle_uci,cfs,switzerland,kaggle,lr,123.0,68726,3,"['age', 'sex', 'sys_bp']",{'C': 0.1},outputs\runs\20260301T225358_93bf3a3395d35eb1\external_kaggle_uci\cfs\switzerland__to__kaggle\lr\results.json,0.6480167154908145,0.6782086002509787,0.45505750557433283,0.49467450455431716,0.6619160265957965,0.49467450455431716,1.0,0.0,0.49467450455431716,0.45460607810180914,0.4546080728963195,0.6437765523161046,0.6520869391484468,0.6730241072728892,0.684080953344761,0.4514000192588109,0.45835538487249217,0.49102159299246284,0.4987777551436138,0.45049448500300887,0.4582691404859808,,,,,0.7851634457410952,-0.13714673025028068
34,external_kaggle_uci,cfs,switzerland,kaggle,rf,123.0,68726,3,"['age', 'sex', 'sys_bp']","{'max_depth': 5, 'min_samples_leaf': 10}",outputs\runs\20260301T225358_93bf3a3395d35eb1\external_kaggle_uci\cfs\switzerland__to__kaggle\rf\results.json,0.6349771032680419,0.5815568769499097,0.2491772942287517,0.5603556150510723,0.6845473622667906,0.5306056388178552,0.9643203812101068,0.16490541046387744,0.49467450455431716,0.10177690618402264,0.30635335304128625,0.6304594032217536,0.6391659046198376,0.575936065469718,0.5873627123559616,0.24827018667151696,0.25010535292527747,0.5564677123650438,0.5640529057416407,0.09780172576396227,0.10553416031283529,,,,,0.7960059640758118,-0.1610288608077699
35,external_kaggle_uci,cfs,switzerland,kaggle,xgb,123.0,68726,3,"['age', 'sex', 'sys_bp']","{'subsample': 1.0, 'max_depth': 5, 'learning_rate': 0.1}",outputs\runs\20260301T225358_93bf3a3395d35eb1\external_kaggle_uci\cfs\switzerland__to__kaggle\xgb\results.json,0.5862764356818292,0.5959255538582762,0.4606820344924927,0.49966533771789423,0.6611482291728257,0.4971177072064729,0.9867341235991411,0.02286273719369979,0.49467450455431716,0.45730453588935116,0.5124196597367279,0.5814897655133431,0.5906737701822842,0.5906708430422941,0.6018096956571276,0.4570250451564789,0.4640819035470486,0.49595495154672176,0.5036503652184035,0.45322440566955646,0.46101982096798844,,,,,0.7962479675141004,-0.20997153183227124
36,external_kaggle_uci,cfs,va,kaggle,lgbm,200.0,68726,3,"['age', 'sex', 'sys_bp']","{'num_leaves': 63, 'max_depth': 7, 'learning_rate': 0.01}",outputs\runs\20260301T225358_93bf3a3395d35eb1\external_kaggle_uci\cfs\va__to__kaggle\lgbm\results.json,0.64234822976815,0.6287707849980527,0.2769396662571358,0.5803043971713762,0.6851022948099303,0.5447301262130866,0.9229343765626379,0.24489619626248957,0.49467450455431716,0.2120364458952392,0.29991925062407465,0.6382852384011646,0.6460137584232203,0.6231171499171597,0.6344156866840334,0.27503210722020505,0.2788203990861791,0.5766063789541076,0.5838769170328552,0.2084250786005343,0.21604851120719964,,,,,0.7971238419064719,-0.15477561213832192
37,external_kaggle_uci,cfs,va,kaggle,lr,200.0,68726,3,"['age', 'sex', 'sys_bp']",{'C': 0.01},outputs\runs\20260301T225358_93bf3a3395d35eb1\external_kaggle_uci\cfs\va__to__kaggle\lr\results.json,0.6272168278923087,0.6073738504816982,0.275753232492636,0.49467450455431716,0.6619160265957965,0.49467450455431716,1.0,0.0,0.49467450455431716,0.18323254282602622,0.5005852935199471,0.6228852960605114,0.6313483710149298,0.6015161478058813,0.6128893613157685,0.274310970966546,0.27716769860921997,0.49102159299246284,0.4987777551436138,0.1792018027429734,0.1869664208732318,,,,,0.7851634457410952,-0.1579466178487865
38,external_kaggle_uci,cfs,va,kaggle,rf,200.0,68726,3,"['age', 'sex', 'sys_bp']","{'max_depth': 10, 'min_samples_leaf': 10}",outputs\runs\20260301T225358_93bf3a3395d35eb1\external_kaggle_uci\cfs\va__to__kaggle\rf\results.json,0.6914846908885179,0.6921075273653412,0.2319331087272604,0.6145418036841952,0.5908789053450912,0.6220329062886129,0.5626967085331058,0.665294134584929,0.49467450455431716,0.06624045839128924,0.23408762540340788,0.6875915902793782,0.694848839314431,0.6864722758220766,0.6974469744701761,0.23155004217334985,0.23236446794483437,0.6110925995984052,0.6177138200971976,0.06319367433919522,0.06939664661094452,,,,,0.7960059640758118,-0.10452127318729387
39,external_kaggle_uci,cfs,va,kaggle,xgb,200.0,68726,3,"['age', 'sex', 'sys_bp']","{'subsample': 1.0, 'max_depth': 3, 'learning_rate': 0.01}",outputs\runs\20260301T225358_93bf3a3395d35eb1\external_kaggle_uci\cfs\va__to__kaggle\xgb\results.json,0.6416708055110866,0.6403480256134666,0.26742106676101685,0.5609085353432471,0.6672253895437954,0.5336943866210352,0.8898726358208077,0.2388781709810245,0.49467450455431716,0.20222892470223539,0.4522131035342606,0.6374864578604507,0.6461252132688381,0.6348523186137283,0.6460075244633542,0.26592116206884386,0.26889908835291865,0.5572548962546925,0.5646884003142916,0.19870817412970299,0.20578074648726333,,,,,0.7962479675141004,-0.15457716200301386
40,external_uci,,cleveland,hungary,lgbm,303.0,294,8,"['age', 'sex', 'cp', 'trestbps', 'chol', 'thalach', 'exang', 'oldpeak']","{'num_leaves': 15, 'max_depth': 3, 'learning_rate': 0.01}",outputs\runs\20260301T225358_93bf3a3395d35eb1\external_uci\cleveland__to__hungary\lgbm\results.json,0.8915596146126054,0.8418239440985062,0.15038263119567857,0.7925170068027211,0.7510204081632653,0.6618705035971223,0.8679245283018868,0.75,0.36054421768707484,0.15722335854278405,0.31343327717986824,0.8543284547988849,0.9303504573098759,0.775469177738994,0.9031894139131318,0.13000464582325746,0.16972270657016103,0.7465136054421769,0.8351190476190475,0.1227537030587987,0.19776125942003275,,,,,0.9016290726817042,-0.010069458069098869
41,external_uci,,cleveland,hungary,lr,303.0,294,8,"['age', 'sex', 'cp', 'trestbps', 'chol', 'thalach', 'exang', 'oldpeak']",{'C': 10},outputs\runs\20260301T225358_93bf3a3395d35eb1\external_uci\cleveland__to__hungary\lr\results.json,0.8812224006423122,0.8437271232938236,0.44415083678966377,0.42517006802721086,0.5564304461942258,0.38545454545454544,1.0,0.10106382978723404,0.36054421768707484,0.5049945832495715,0.776296616656806,0.8380948747973146,0.9244986767868371,0.781961785303773,0.9024670791066653,0.3998006633453809,0.48705063449147645,0.3723639455782313,0.4813775510204081,0.4576725433754286,0.5530775723451449,,,,,0.8721804511278195,0.009041949514492664
42,external_uci,,cleveland,hungary,rf,303.0,294,8,"['age', 'sex', 'cp', 'trestbps', 'chol', 'thalach', 'exang', 'oldpeak']","{'max_depth': 5, 'min_samples_leaf': 1}",outputs\runs\20260301T225358_93bf3a3395d35eb1\external_uci\cleveland__to__hungary\rf\results.json,0.8964271376957045,0.8425185592338275,0.1552846703417359,0.7925170068027211,0.7489711934156379,0.6642335766423357,0.8584905660377359,0.7553191489361702,0.36054421768707484,0.17030029506373717,0.25675489816194036,0.8587151213042394,0.934397989603338,0.7747285150694698,0.9053023957289349,0.1366272387512036,0.17323142056299526,0.7482993197278912,0.8367346938775511,0.13827979207019822,0.21285669971357668,,,,,0.8834586466165414,0.012968491079163091
43,external_uci,,cleveland,hungary,xgb,303.0,294,8,"['age', 'sex', 'cp', 'trestbps', 'chol', 'thalach', 'exang', 'oldpeak']","{'subsample': 0.8, 'max_depth': 3, 'learning_rate': 0.01}",outputs\runs\20260301T225358_93bf3a3395d35eb1\external_uci\cleveland__to__hungary\xgb\results.json,0.8840576073865918,0.8174725504931609,0.1555090844631195,0.7857142857142857,0.7407407407407407,0.656934306569343,0.8490566037735849,0.75,0.36054421768707484,0.1622785619479053,0.2628819698637182,0.8425146729956356,0.9258858435871523,0.7413623379685089,0.8970435191862385,0.1341574490070343,0.17617788165807724,0.7414965986394558,0.8299319727891157,0.12212129095125766,0.2003636364863083,,,,,0.9035087719298246,-0.019451164543232813
44,external_uci,,cleveland,switzerland,lgbm,303.0,123,6,"['age', 'sex', 'cp', 'trestbps', 'exang', 'oldpeak']","{'num_leaves': 15, 'max_depth': 3, 'learning_rate': 0.01}",outputs\runs\20260301T225358_93bf3a3395d35eb1\external_uci\cleveland__to__switzerland\lgbm\results.json,0.7445652173913043,0.9695276935020668,0.19872005305445542,0.6585365853658537,0.78125,0.974025974025974,0.6521739130434783,0.75,0.9349593495934959,0.3368908196586014,0.6406854222123632,0.46799398812110676,0.9388906232656231,0.9317250297554397,0.9971033505941544,0.16506594002953617,0.23293701908166628,0.5772357723577236,0.7398373983739838,0.2878401697143467,0.38564215906109583,,,,,0.696086956521739,0.048478260869565304
45,external_uci,,cleveland,switzerland,lr,303.0,123,6,"['age', 'sex', 'cp', 'trestbps', 'exang', 'oldpeak']",{'C': 10},outputs\runs\20260301T225358_93bf3a3395d35eb1\external_uci\cleveland__to__switzerland\lr\results.json,0.716304347826087,0.9704148551380883,0.21082352986027833,0.7073170731707317,0.82,0.9647058823529412,0.7130434782608696,0.625,0.9349593495934959,0.31304235953030846,0.739813111280376,0.46397682178932176,0.9069675925925925,0.9355469089647716,0.9950625031310074,0.16895449699817786,0.25833047532473535,0.6260162601626016,0.7804878048780488,0.25987066217993793,0.3694124369222453,,,,,0.7243478260869565,-0.008043478260869485
46,external_uci,,cleveland,switzerland,rf,303.0,123,6,"['age', 'sex', 'cp', 'trestbps', 'exang', 'oldpeak']","{'max_depth': 10, 'min_samples_leaf': 5}",outputs\runs\20260301T225358_93bf3a3395d35eb1\external_uci\cleveland__to__switzerland\rf\results.json,0.7793478260869566,0.9735429931341877,0.17559884953152843,0.7154471544715447,0.8241206030150754,0.9761904761904762,0.7130434782608696,0.75,0.9349593495934959,0.3131896714919643,0.917218746705619,0.48774808054469077,0.982982036795596,0.9389555873024777,0.9993049122038373,0.1453460970731414,0.20675180469184254,0.6380081300813009,0.7967479674796748,0.26825170742811516,0.3609219603931039,,,,,0.7217391304347827,0.05760869565217397
47,external_uci,,cleveland,switzerland,xgb,303.0,123,6,"['age', 'sex', 'cp', 'trestbps', 'exang', 'oldpeak']","{'subsample': 0.7, 'max_depth': 3, 'learning_rate': 0.01}",outputs\runs\20260301T225358_93bf3a3395d35eb1\external_uci\cleveland__to__switzerland\xgb\results.json,0.7706521739130435,0.9760260681387491,0.19708915054798126,0.6422764227642277,0.7684210526315789,0.9733333333333334,0.6347826086956522,0.75,0.9349593495934959,0.33289611109388556,0.7958312481641769,0.5233208991259838,0.9554347826086957,0.944620867548832,0.9976680398900216,0.16235764175653458,0.23142307661473752,0.5609756097560976,0.7235772357723578,0.28343613151067154,0.38324620028942585,,,,,0.758695652173913,0.011956521739130532
48,external_uci,,cleveland,va,lgbm,303.0,200,10,"['age', 'sex', 'cp', 'trestbps', 'chol', 'fbs', 'restecg', 'thalach', 'exang', 'oldpeak']","{'num_leaves': 15, 'max_depth': 3, 'learning_rate': 0.01}",outputs\runs\20260301T225358_93bf3a3395d35eb1\external_uci\cleveland__to__va\lgbm\results.json,0.7453612317410185,0.8813280451947672,0.17151604372165127,0.745,0.8349514563106796,0.80625,0.8657718120805369,0.39215686274509803,0.745,0.09108985386879537,0.38376041583465337,0.661550460063525,0.8219481522565455,0.8216759273554443,0.9316845891459389,0.14644352127928847,0.19792762075290524,0.68,0.8,0.06906193450469106,0.1530640486333417,,,,,0.6466666666666667,0.09869456507435181
49,external_uci,,cleveland,va,lr,303.0,200,10,"['age', 'sex', 'cp', 'trestbps', 'chol', 'fbs', 'restecg', 'thalach', 'exang', 'oldpeak']",{'C': 0.1},outputs\runs\20260301T225358_93bf3a3395d35eb1\external_uci\cleveland__to__va\lr\results.json,0.7033820239505197,0.8708437324492506,0.19821311625489257,0.75,0.8466257668711656,0.7796610169491526,0.9261744966442953,0.23529411764705882,0.745,0.16826838798155636,0.31252884461679864,0.6192563545489836,0.7816730638355791,0.8125872961294174,0.9257802394003677,0.15771167628938695,0.24503760430155774,0.685,0.805,0.12525872685094047,0.23204331920447552,,,,,0.8233333333333333,-0.11995130938281351
50,external_uci,,cleveland,va,rf,303.0,200,10,"['age', 'sex', 'cp', 'trestbps', 'chol', 'fbs', 'restecg', 'thalach', 'exang', 'oldpeak']","{'max_depth': 10, 'min_samples_leaf': 10}",outputs\runs\20260301T225358_93bf3a3395d35eb1\external_uci\cleveland__to__va\rf\results.json,0.7427293064876958,0.8766866927534187,0.17768581691684354,0.74,0.8266666666666667,0.8211920529801324,0.8322147651006712,0.47058823529411764,0.745,0.10615525047798098,0.26075853461788234,0.657362141966381,0.822042160024387,0.8129241380905341,0.932132112090778,0.15268489105406258,0.20376303725438988,0.675,0.8,0.07447564067110243,0.16649311240286097,,,,,0.6666666666666667,0.07606263982102901
51,external_uci,,cleveland,va,xgb,303.0,200,10,"['age', 'sex', 'cp', 'trestbps', 'chol', 'fbs', 'restecg', 'thalach', 'exang', 'oldpeak']","{'subsample': 0.8, 'max_depth': 3, 'learning_rate': 0.01}",outputs\runs\20260301T225358_93bf3a3395d35eb1\external_uci\cleveland__to__va\xgb\results.json,0.7303592577970786,0.8742649289275635,0.17088432610034943,0.745,0.8370607028753994,0.7987804878048781,0.8791946308724832,0.35294117647058826,0.745,0.05592929229140278,0.2504372298717499,0.6446597035040432,0.8030744873829665,0.8095106761834656,0.9300242435058346,0.1464855533093214,0.1970748025923967,0.685,0.8,0.04948458321020007,0.1304581628572196,,,,,0.6933333333333334,0.0370259244637452
52,external_uci,,cleveland+hungary+switzerland,va,lgbm,720.0,200,8,"['age', 'sex', 'cp', 'trestbps', 'chol', 'thalach', 'exang', 'oldpeak']","{'num_leaves': 15, 'max_depth': 3, 'learning_rate': 0.01}",outputs\runs\20260301T225358_93bf3a3395d35eb1\external_uci\cleveland+hungary+switzerland__to__va\lgbm\results.json,0.7300302671404132,0.8770662609325616,0.18017889486721955,0.735,0.8153310104529616,0.8478260869565217,0.785234899328859,0.5882352941176471,0.745,0.10219367112934614,0.22513727958477264,0.6462079861654856,0.8098653646916146,0.8135153031971718,0.9321647080725478,0.15167357536660003,0.21059286444391112,0.68,0.795,0.07118400767015504,0.16330473289863826,,,,,0.6466666666666667,0.08336360047374647
53,external_uci,,cleveland+hungary+switzerland,va,lr,720.0,200,8,"['age', 'sex', 'cp', 'trestbps', 'chol', 'thalach', 'exang', 'oldpeak']",{'C': 1},outputs\runs\20260301T225358_93bf3a3395d35eb1\external_uci\cleveland+hungary+switzerland__to__va\lr\results.json,0.7522042373996578,0.8891615960502874,0.18250495355329033,0.71,0.7972027972027972,0.8321167883211679,0.7651006711409396,0.5490196078431373,0.745,0.1204282550394463,0.41363472585292393,0.6773637483670248,0.8295102815796196,0.8279023143871052,0.9395173795446439,0.1509919287136582,0.2143789324437894,0.645,0.77,0.09351712772339753,0.18957433898862497,,,,,0.8233333333333333,-0.07112909593367545
54,external_uci,,cleveland+hungary+switzerland,va,rf,720.0,200,8,"['age', 'sex', 'cp', 'trestbps', 'chol', 'thalach', 'exang', 'oldpeak']","{'max_depth': 20, 'min_samples_leaf': 5}",outputs\runs\20260301T225358_93bf3a3395d35eb1\external_uci\cleveland+hungary+switzerland__to__va\rf\results.json,0.7486511383076722,0.8792902564755336,0.1765417027658252,0.735,0.8178694158075601,0.8380281690140845,0.7986577181208053,0.5490196078431373,0.745,0.11898100505717983,0.22977518445393758,0.666885200460307,0.8286477761572676,0.8141411607109603,0.9370033551613685,0.14988024915136577,0.20255110304760615,0.6723750000000001,0.795,0.07754149263530631,0.17920415098608655,,,,,0.6666666666666667,0.08198447164100542
55,external_uci,,cleveland+hungary+switzerland,va,xgb,720.0,200,8,"['age', 'sex', 'cp', 'trestbps', 'chol', 'thalach', 'exang', 'oldpeak']","{'subsample': 0.7, 'max_depth': 3, 'learning_rate': 0.01}",outputs\runs\20260301T225358_93bf3a3395d35eb1\external_uci\cleveland+hungary+switzerland__to__va\xgb\results.json,0.6982497697065404,0.8638113334764429,0.1823280155658722,0.705,0.8078175895765473,0.7848101265822784,0.8322147651006712,0.3333333333333333,0.745,0.11159498095512392,0.37258619882843713,0.611508316532258,0.7815014688172082,0.7986853631113671,0.9233188464979433,0.15120828188955784,0.21338116116821765,0.645,0.765,0.07827868993207814,0.17054114589095112,,,,,0.6933333333333334,0.004916436373207045
56,external_uci,,cleveland+hungary+va,switzerland,lgbm,797.0,123,6,"['age', 'sex', 'cp', 'trestbps', 'exang', 'oldpeak']","{'num_leaves': 15, 'max_depth': 3, 'learning_rate': 0.01}",outputs\runs\20260301T225358_93bf3a3395d35eb1\external_uci\cleveland+hungary+va__to__switzerland\lgbm\results.json,0.7510869565217391,0.9690754276192849,0.18119953491050445,0.6910569105691057,0.8061224489795918,0.9753086419753086,0.6869565217391305,0.75,0.9349593495934959,0.3180487282254836,0.64540982441321,0.4795762711864407,0.9537035488665923,0.9289222854820449,0.9971858372379351,0.1488021413733457,0.21376202794700552,0.6097560975609756,0.7723577235772358,0.26871971598961336,0.3630543808908874,,,,,0.696086956521739,0.05500000000000005
57,external_uci,,cleveland+hungary+va,switzerland,lr,797.0,123,6,"['age', 'sex', 'cp', 'trestbps', 'exang', 'oldpeak']",{'C': 0.1},outputs\runs\20260301T225358_93bf3a3395d35eb1\external_uci\cleveland+hungary+va__to__switzerland\lr\results.json,0.7141304347826087,0.9655231786138812,0.18328257149822047,0.7317073170731707,0.8374384236453202,0.9659090909090909,0.7391304347826086,0.625,0.9349593495934959,0.30321896925840686,0.6367891791899685,0.43372393846936186,0.9383153763030764,0.9222447689363594,0.9959184719867666,0.14898936023232326,0.2242247154911266,0.6585365853658537,0.8048780487804879,0.255419538755176,0.3563662824208344,,,,,0.7243478260869565,-0.010217391304347734
58,external_uci,,cleveland+hungary+va,switzerland,rf,797.0,123,6,"['age', 'sex', 'cp', 'trestbps', 'exang', 'oldpeak']","{'max_depth': 5, 'min_samples_leaf': 1}",outputs\runs\20260301T225358_93bf3a3395d35eb1\external_uci\cleveland+hungary+va__to__switzerland\rf\results.json,0.7652173913043478,0.9731027202861978,0.17023361896760672,0.7154471544715447,0.8258706467661692,0.9651162790697675,0.7217391304347827,0.625,0.9349593495934959,0.32008145902981405,0.9364798605028624,0.49640669515669517,0.977876647834275,0.938983341541622,0.9990482058156234,0.14168302820226314,0.20081486921841074,0.6422764227642277,0.7886178861788617,0.2735508460427371,0.35962913143007336,,,,,0.7217391304347827,0.04347826086956519
59,external_uci,,cleveland+hungary+va,switzerland,xgb,797.0,123,6,"['age', 'sex', 'cp', 'trestbps', 'exang', 'oldpeak']","{'subsample': 0.7, 'max_depth': 3, 'learning_rate': 0.01}",outputs\runs\20260301T225358_93bf3a3395d35eb1\external_uci\cleveland+hungary+va__to__switzerland\xgb\results.json,0.7608695652173914,0.9716893966315115,0.18310114741325378,0.6747967479674797,0.7959183673469388,0.9629629629629629,0.6782608695652174,0.625,0.9349593495934959,0.32107753021930296,0.6363535523414612,0.48967671060891405,0.969725975975976,0.934769617677158,0.9984256539855664,0.15150168873369693,0.21555984541773793,0.5892276422764228,0.7560975609756098,0.27183515796877017,0.36597391108005506,,,,,0.758695652173913,0.0021739130434783593
60,external_uci,,cleveland+va+switzerland,hungary,lgbm,626.0,294,8,"['age', 'sex', 'cp', 'trestbps', 'chol', 'thalach', 'exang', 'oldpeak']","{'num_leaves': 15, 'max_depth': 3, 'learning_rate': 0.01}",outputs\runs\20260301T225358_93bf3a3395d35eb1\external_uci\cleveland+switzerland+va__to__hungary\lgbm\results.json,0.867322360497792,0.7875117043324382,0.2112143926295477,0.6394557823129252,0.6558441558441559,0.5,0.9528301886792453,0.4627659574468085,0.36054421768707484,0.24060132585951383,0.38617819929816255,0.8236638418146446,0.9093013106327428,0.7097494977413168,0.8620152813176146,0.18994972405852276,0.23058091934166075,0.5884353741496599,0.6938775510204082,0.20509535848778007,0.28988816858832617,,,,,0.9016290726817042,-0.034306712183912236
61,external_uci,,cleveland+va+switzerland,hungary,lr,626.0,294,8,"['age', 'sex', 'cp', 'trestbps', 'chol', 'thalach', 'exang', 'oldpeak']",{'C': 0.01},outputs\runs\20260301T225358_93bf3a3395d35eb1\external_uci\cleveland+switzerland+va__to__hungary\lr\results.json,0.8947209955841027,0.8426761344994115,0.1855549150873287,0.7585034013605442,0.7340823970037453,0.6086956521739131,0.9245283018867925,0.6648936170212766,0.36054421768707484,0.24508727614665793,0.3766869049018617,0.8575981429191092,0.9309053522247843,0.7830306130108561,0.8968476445407909,0.16429126223030108,0.2045866222788454,0.7108843537414966,0.8095238095238095,0.20883029023490227,0.28972725198032817,,,,,0.8721804511278195,0.022540544456283174
62,external_uci,,cleveland+va+switzerland,hungary,rf,626.0,294,8,"['age', 'sex', 'cp', 'trestbps', 'chol', 'thalach', 'exang', 'oldpeak']","{'max_depth': 20, 'min_samples_leaf': 5}",outputs\runs\20260301T225358_93bf3a3395d35eb1\external_uci\cleveland+switzerland+va__to__hungary\rf\results.json,0.8891509433962264,0.8082395144317276,0.16290524774241907,0.7959183673469388,0.75,0.6716417910447762,0.8490566037735849,0.7659574468085106,0.36054421768707484,0.1649931147589674,0.2653536506017804,0.8545366825761251,0.9237956828731299,0.7327202418640226,0.8824199855029816,0.1446354926006443,0.17835959055524628,0.7533163265306122,0.8401360544217688,0.13742694118563165,0.21124764919083652,,,,,0.8834586466165414,0.005692296779684969
63,external_uci,,cleveland+va+switzerland,hungary,xgb,626.0,294,8,"['age', 'sex', 'cp', 'trestbps', 'chol', 'thalach', 'exang', 'oldpeak']","{'subsample': 0.7, 'max_depth': 3, 'learning_rate': 0.01}",outputs\runs\20260301T225358_93bf3a3395d35eb1\external_uci\cleveland+switzerland+va__to__hungary\xgb\results.json,0.8492824167001205,0.7515354152207184,0.21249844133853912,0.673469387755102,0.6778523489932886,0.5260416666666666,0.9528301886792453,0.5159574468085106,0.36054421768707484,0.2344905306287363,0.3795004505099672,0.8041128897161905,0.8934611962949395,0.6688191803330528,0.8316393574835275,0.18729262687265874,0.234349562600255,0.6258503401360545,0.7296768707482992,0.19433130806400664,0.27764612536142474,,,,,0.9035087719298246,-0.05422635522970409
64,external_uci,,hungary,cleveland,lgbm,294.0,303,8,"['age', 'sex', 'cp', 'trestbps', 'chol', 'thalach', 'exang', 'oldpeak']","{'num_leaves': 15, 'max_depth': 3, 'learning_rate': 0.01}",outputs\runs\20260301T225358_93bf3a3395d35eb1\external_uci\hungary__to__cleveland\lgbm\results.json,0.8544481487980348,0.853100413584995,0.15544919728826728,0.7953795379537953,0.7578125,0.8290598290598291,0.697841726618705,0.8780487804878049,0.45874587458745875,0.08740127837471626,0.19158572052629186,0.8107534199127512,0.8918851611201355,0.8006912153793139,0.8965449380965752,0.13641640084155254,0.17955590247306394,0.7491749174917491,0.834983498349835,0.06645429967361116,0.1294439118145849,,,,,0.9469696969696969,-0.09252154817166214
65,external_uci,,hungary,cleveland,lr,294.0,303,8,"['age', 'sex', 'cp', 'trestbps', 'chol', 'thalach', 'exang', 'oldpeak']",{'C': 0.01},outputs\runs\20260301T225358_93bf3a3395d35eb1\external_uci\hungary__to__cleveland\lr\results.json,0.8705035971223021,0.8658139675063838,0.41165867611419077,0.5412541254125413,0.0,0.0,0.0,1.0,0.45874587458745875,0.42847371202875284,0.863691118547079,0.824510769634883,0.9128013414040622,0.8163866013223303,0.9081916124372884,0.362369642067073,0.46014441567503184,0.48514851485148514,0.594059405940594,0.377220199068238,0.4799398488463922,,,,,0.9632034632034632,-0.0926998660811611
66,external_uci,,hungary,cleveland,rf,294.0,303,8,"['age', 'sex', 'cp', 'trestbps', 'chol', 'thalach', 'exang', 'oldpeak']","{'max_depth': 10, 'min_samples_leaf': 10}",outputs\runs\20260301T225358_93bf3a3395d35eb1\external_uci\hungary__to__cleveland\rf\results.json,0.8624320056150201,0.8626290230511805,0.16001354396332232,0.768976897689769,0.7619047619047619,0.7225806451612903,0.8057553956834532,0.7378048780487805,0.45874587458745875,0.11789390039123267,0.24574098730384722,0.8198536411250694,0.89962634231865,0.8109055777215302,0.9066731717491388,0.1434482096519014,0.1781108132884996,0.7260726072607261,0.8136138613861386,0.08771106644344578,0.162896477586867,,,,,0.9696969696969697,-0.10726496408194963
67,external_uci,,hungary,cleveland,xgb,294.0,303,8,"['age', 'sex', 'cp', 'trestbps', 'chol', 'thalach', 'exang', 'oldpeak']","{'subsample': 0.8, 'max_depth': 3, 'learning_rate': 0.01}",outputs\runs\20260301T225358_93bf3a3395d35eb1\external_uci\hungary__to__cleveland\xgb\results.json,0.8497982102123179,0.8381288932980323,0.15832895040512085,0.7953795379537953,0.7596899224806202,0.8235294117647058,0.7050359712230215,0.8719512195121951,0.45874587458745875,0.06818625773533736,0.174879579708494,0.8034639526841691,0.8870062849379009,0.7821649766988124,0.8864268820058906,0.1393646739423275,0.18186548985540865,0.7458745874587459,0.8316831683168316,0.052302431648984404,0.12213695346079641,,,,,0.948051948051948,-0.0982537378396301
68,external_uci,,hungary,switzerland,lgbm,294.0,123,6,"['age', 'sex', 'cp', 'trestbps', 'exang', 'oldpeak']","{'num_leaves': 31, 'max_depth': 5, 'learning_rate': 0.01}",outputs\runs\20260301T225358_93bf3a3395d35eb1\external_uci\hungary__to__switzerland\lgbm\results.json,0.7288043478260869,0.9693145193761149,0.2303596533656918,0.6747967479674797,0.7959183673469388,0.9629629629629629,0.6782608695652174,0.625,0.9349593495934959,0.38453645923436014,0.7916648569643703,0.43639830508474575,0.9719450280112044,0.932398977795902,0.9986615118396569,0.1971781881878795,0.26436710758803245,0.5934959349593496,0.7560975609756098,0.3339141432955625,0.4273802865034316,,,,,0.696086956521739,0.03271739130434792
69,external_uci,,hungary,switzerland,lr,294.0,123,6,"['age', 'sex', 'cp', 'trestbps', 'exang', 'oldpeak']",{'C': 0.001},outputs\runs\20260301T225358_93bf3a3395d35eb1\external_uci\hungary__to__switzerland\lr\results.json,0.7619565217391304,0.9716967791781952,0.35077212675249614,0.06504065040650407,0.0,0.0,0.0,1.0,0.9349593495934959,0.5418725193861315,0.5453662292116002,0.4979154838440344,0.9753115348703584,0.9347190746920789,0.9988471024250056,0.33757809574296194,0.3623108516902162,0.024390243902439025,0.11382113821138211,0.4973427647049605,0.5791022352895063,,,,,0.7243478260869565,0.03760869565217395
70,external_uci,,hungary,switzerland,rf,294.0,123,6,"['age', 'sex', 'cp', 'trestbps', 'exang', 'oldpeak']","{'max_depth': 10, 'min_samples_leaf': 10}",outputs\runs\20260301T225358_93bf3a3395d35eb1\external_uci\hungary__to__switzerland\rf\results.json,0.7728260869565218,0.9700642151564248,0.15794834984379885,0.8130081300813008,0.892018779342723,0.9693877551020408,0.8260869565217391,0.625,0.9349593495934959,0.30785603870734013,0.9228431432308136,0.48133903133903133,0.9831256231306081,0.9304088187056488,0.9993758050697676,0.1333679796945838,0.18466024867956027,0.7479674796747967,0.8780487804878049,0.2650719671155482,0.3492750863201335,,,,,0.7217391304347827,0.05108695652173911
71,external_uci,,hungary,switzerland,xgb,294.0,123,6,"['age', 'sex', 'cp', 'trestbps', 'exang', 'oldpeak']","{'subsample': 0.8, 'max_depth': 3, 'learning_rate': 0.01}",outputs\runs\20260301T225358_93bf3a3395d35eb1\external_uci\hungary__to__switzerland\xgb\results.json,0.7315217391304347,0.969461657192533,0.22244034707546234,0.6422764227642277,0.7708333333333334,0.961038961038961,0.6434782608695652,0.625,0.9349593495934959,0.3624161376155974,0.7553793638944626,0.4386805555555556,0.9693149717514122,0.9313912987176679,0.9986019836415155,0.18594231456518173,0.25621514543890955,0.5609756097560976,0.7235772357723578,0.31296297246590254,0.40957342208915853,,,,,0.758695652173913,-0.02717391304347827
72,external_uci,,hungary,va,lgbm,294.0,200,8,"['age', 'sex', 'cp', 'trestbps', 'chol', 'thalach', 'exang', 'oldpeak']","{'num_leaves': 15, 'max_depth': 3, 'learning_rate': 0.01}",outputs\runs\20260301T225358_93bf3a3395d35eb1\external_uci\hungary__to__va\lgbm\results.json,0.7268061587050928,0.864971184137282,0.2256328062996535,0.625,0.6938775510204082,0.8854166666666666,0.5704697986577181,0.7843137254901961,0.745,0.23383870258336104,0.42931074173969147,0.6421263534928373,0.8049339982376522,0.802036341474268,0.928766607281534,0.1963727679926159,0.2587726299879668,0.555,0.69,0.18478708711452818,0.29648756819373484,,,,,0.6466666666666667,0.08013949203842607
73,external_uci,,hungary,va,lr,294.0,200,8,"['age', 'sex', 'cp', 'trestbps', 'chol', 'thalach', 'exang', 'oldpeak']",{'C': 0.01},outputs\runs\20260301T225358_93bf3a3395d35eb1\external_uci\hungary__to__va\lr\results.json,0.7461508093170155,0.8905797731458631,0.24081458457703867,0.58,0.631578947368421,0.9113924050632911,0.48322147651006714,0.8627450980392157,0.745,0.27484262733472187,0.4398776374194885,0.6694381870902829,0.8193509929539753,0.8372402824327712,0.9357906152995819,0.21964051627583409,0.2652711755821968,0.51,0.645,0.22023913790619506,0.32755456433639957,,,,,0.8233333333333333,-0.07718252401631776
74,external_uci,,hungary,va,rf,294.0,200,8,"['age', 'sex', 'cp', 'trestbps', 'chol', 'thalach', 'exang', 'oldpeak']","{'max_depth': 10, 'min_samples_leaf': 10}",outputs\runs\20260301T225358_93bf3a3395d35eb1\external_uci\hungary__to__va\rf\results.json,0.7322674036057375,0.8734454914193174,0.18700925420040956,0.735,0.8215488215488216,0.8243243243243243,0.8187919463087249,0.49019607843137253,0.745,0.16266757500505602,0.35302431824679525,0.6503818508535489,0.805854104598205,0.8150784678460409,0.9281732395338085,0.1611888508233935,0.21424307795558276,0.675,0.795,0.1185983569934428,0.2194648906712058,,,,,0.6666666666666667,0.06560073693907076
75,external_uci,,hungary,va,xgb,294.0,200,8,"['age', 'sex', 'cp', 'trestbps', 'chol', 'thalach', 'exang', 'oldpeak']","{'subsample': 0.8, 'max_depth': 3, 'learning_rate': 0.01}",outputs\runs\20260301T225358_93bf3a3395d35eb1\external_uci\hungary__to__va\xgb\results.json,0.7045663903145151,0.8579412725452811,0.1965021938085556,0.685,0.7725631768953068,0.8359375,0.7181208053691275,0.5882352941176471,0.745,0.15030501931905746,0.34260495007038116,0.6233305785451547,0.7954705189204617,0.7896084412073306,0.9208696976375397,0.16808446906507016,0.22538916096091272,0.62,0.7526249999999999,0.1071077439673245,0.20471356665156784,,,,,0.6933333333333334,0.01123305698118171
76,external_uci,,hungary+va+switzerland,cleveland,lgbm,617.0,303,8,"['age', 'sex', 'cp', 'trestbps', 'chol', 'thalach', 'exang', 'oldpeak']","{'num_leaves': 15, 'max_depth': 3, 'learning_rate': 0.01}",outputs\runs\20260301T225358_93bf3a3395d35eb1\external_uci\hungary+switzerland+va__to__cleveland\lgbm\results.json,0.8553693630461484,0.843441017458165,0.257048430474578,0.6006600660066007,0.6921119592875318,0.5354330708661418,0.9784172661870504,0.2804878048780488,0.45874587458745875,0.2797235196305425,0.5027681116942995,0.8097980668065481,0.895614162443118,0.7847701904172133,0.8929884096044519,0.2298070741310992,0.28663037854323953,0.5461221122112211,0.6501650165016502,0.2374739674044546,0.32749559054273497,,,,,0.9469696969696969,-0.0916003339235485
77,external_uci,,hungary+va+switzerland,cleveland,lr,617.0,303,8,"['age', 'sex', 'cp', 'trestbps', 'chol', 'thalach', 'exang', 'oldpeak']",{'C': 10},outputs\runs\20260301T225358_93bf3a3395d35eb1\external_uci\hungary+switzerland+va__to__cleveland\lr\results.json,0.7864976311633619,0.7612698731033161,0.5276099754165313,0.45874587458745875,0.6289592760180995,0.45874587458745875,1.0,0.0,0.45874587458745875,0.5327405365954804,0.8456274867997451,0.7349101727989319,0.8349756615636458,0.6920190461604306,0.8242234904064605,0.4736168508650299,0.5792460414920518,0.40594059405940597,0.5148514851485149,0.4776962768648899,0.5849162397517289,,,,,0.9632034632034632,-0.17670583204010126
78,external_uci,,hungary+va+switzerland,cleveland,rf,617.0,303,8,"['age', 'sex', 'cp', 'trestbps', 'chol', 'thalach', 'exang', 'oldpeak']","{'max_depth': 20, 'min_samples_leaf': 10}",outputs\runs\20260301T225358_93bf3a3395d35eb1\external_uci\hungary+switzerland+va__to__cleveland\rf\results.json,0.8505878224249869,0.8402627649104697,0.21585205616133582,0.6270627062706271,0.6986666666666667,0.5550847457627118,0.9424460431654677,0.3597560975609756,0.45874587458745875,0.21156872121886589,0.36935617040072816,0.8081028249199366,0.8887175781828961,0.7819828288750147,0.8874012619759274,0.19386290434635114,0.23694756213486365,0.5808580858085809,0.6765676567656765,0.175066459651873,0.2595382405689281,,,,,0.9696969696969697,-0.11910914727198285
79,external_uci,,hungary+va+switzerland,cleveland,xgb,617.0,303,8,"['age', 'sex', 'cp', 'trestbps', 'chol', 'thalach', 'exang', 'oldpeak']","{'subsample': 0.7, 'max_depth': 3, 'learning_rate': 0.01}",outputs\runs\20260301T225358_93bf3a3395d35eb1\external_uci\hungary+switzerland+va__to__cleveland\xgb\results.json,0.8626513423407615,0.8572548651413828,0.2637501358985901,0.5577557755775577,0.665,0.5095785440613027,0.9568345323741008,0.21951219512195122,0.45874587458745875,0.2827453266079276,0.5365058779716492,0.8169852543290044,0.9023136893841227,0.8042666471522182,0.9020692952807519,0.23745486177504063,0.29268147274851797,0.5032178217821782,0.6105610561056105,0.24217143758836357,0.33343560028046665,,,,,0.948051948051948,-0.08540060571118657
80,external_uci,,switzerland,cleveland,lgbm,123.0,303,6,"['age', 'sex', 'cp', 'trestbps', 'exang', 'oldpeak']","{'num_leaves': 63, 'max_depth': 7, 'learning_rate': 0.01}",outputs\runs\20260301T225358_93bf3a3395d35eb1\external_uci\switzerland__to__cleveland\lgbm\results.json,0.7498683979645552,0.6261769150309815,0.36048582444619287,0.45874587458745875,0.6289592760180995,0.45874587458745875,1.0,0.0,0.45874587458745875,0.39889197636362017,0.6005534383287838,0.6910229345935016,0.8045695816982835,0.5541097563818688,0.7262775018436344,0.31957055430269016,0.3980911695779998,0.40594059405940597,0.5148514851485149,0.34964713881271,0.4456598837500571,,,,,0.9469696969696969,-0.19710129900514173
81,external_uci,,switzerland,cleveland,lr,123.0,303,6,"['age', 'sex', 'cp', 'trestbps', 'exang', 'oldpeak']",{'C': 0.001},outputs\runs\20260301T225358_93bf3a3395d35eb1\external_uci\switzerland__to__cleveland\lr\results.json,0.801851201965257,0.7819572826766235,0.472975315438141,0.45874587458745875,0.6289592760180995,0.45874587458745875,1.0,0.0,0.45874587458745875,0.47509759986491096,0.47509759986491096,0.7521949525812467,0.8510929907599091,0.7020358062723633,0.8568837301902814,0.42448740224611503,0.5188156095871315,0.40594059405940597,0.5148514851485149,0.4191368118511519,0.5278198569765481,,,,,0.9632034632034632,-0.16135226123820612
82,external_uci,,switzerland,cleveland,rf,123.0,303,6,"['age', 'sex', 'cp', 'trestbps', 'exang', 'oldpeak']","{'max_depth': 5, 'min_samples_leaf': 5}",outputs\runs\20260301T225358_93bf3a3395d35eb1\external_uci\switzerland__to__cleveland\rf\results.json,0.7874627127566239,0.6899824775981825,0.2158628087337818,0.7227722772277227,0.7407407407407407,0.6486486486486487,0.8633093525179856,0.6036585365853658,0.45874587458745875,0.18293382098795366,0.2859694050210454,0.7361691976238802,0.8415755633525339,0.6045602846298025,0.7816582464673573,0.1888165469961222,0.2416808542449585,0.66996699669967,0.7707095709570957,0.14540022508950182,0.23413584679402735,,,,,0.9696969696969697,-0.18223425694034578
83,external_uci,,switzerland,cleveland,xgb,123.0,303,6,"['age', 'sex', 'cp', 'trestbps', 'exang', 'oldpeak']","{'subsample': 1.0, 'max_depth': 7, 'learning_rate': 0.01}",outputs\runs\20260301T225358_93bf3a3395d35eb1\external_uci\switzerland__to__cleveland\xgb\results.json,0.7633795402702229,0.6387467639816851,0.3534022569656372,0.45874587458745875,0.6289592760180995,0.45874587458745875,1.0,0.0,0.45874587458745875,0.39185235228869,0.6371724843978882,0.7040994167608897,0.8199778294502063,0.5634596782779718,0.7365265513768142,0.313615557551384,0.39238168671727175,0.40594059405940597,0.5148514851485149,0.3429751448013601,0.43780048084829504,,,,,0.948051948051948,-0.1846724077817251
84,external_uci,,switzerland,hungary,lgbm,123.0,294,6,"['age', 'sex', 'cp', 'trestbps', 'exang', 'oldpeak']","{'num_leaves': 63, 'max_depth': 7, 'learning_rate': 0.01}",outputs\runs\20260301T225358_93bf3a3395d35eb1\external_uci\switzerland__to__hungary\lgbm\results.json,0.747465877157768,0.5377834632145219,0.41849271589072823,0.36054421768707484,0.53,0.36054421768707484,1.0,0.0,0.36054421768707484,0.48126330379898663,0.6886861210920286,0.6910088778407842,0.8067470198089637,0.45728504517604035,0.6467715839203573,0.3771534270799333,0.45774752108612066,0.30612244897959184,0.41496598639455784,0.43290153508629825,0.5280544073905216,,,,,0.9016290726817042,-0.1541631955239362
85,external_uci,,switzerland,hungary,lr,123.0,294,6,"['age', 'sex', 'cp', 'trestbps', 'exang', 'oldpeak']",{'C': 0.001},outputs\runs\20260301T225358_93bf3a3395d35eb1\external_uci\switzerland__to__hungary\lr\results.json,0.8592683661180249,0.7221586199009405,0.5570700984411562,0.36054421768707484,0.53,0.36054421768707484,1.0,0.0,0.36054421768707484,0.5726004415311852,0.5726004415311852,0.8144819530397992,0.9017652172236876,0.6377172497101187,0.8274178993780993,0.5103437110223802,0.6040086884563344,0.30612244897959184,0.41496598639455784,0.5185464564497334,0.6268254916002857,,,,,0.8721804511278195,-0.012912085009794572
86,external_uci,,switzerland,hungary,rf,123.0,294,6,"['age', 'sex', 'cp', 'trestbps', 'exang', 'oldpeak']","{'max_depth': 5, 'min_samples_leaf': 5}",outputs\runs\20260301T225358_93bf3a3395d35eb1\external_uci\switzerland__to__hungary\rf\results.json,0.7672872340425532,0.5783351998527189,0.239114050243809,0.6802721088435374,0.6544117647058824,0.536144578313253,0.839622641509434,0.5904255319148937,0.36054421768707484,0.2788783762169737,0.5235959941389792,0.7142691045593117,0.8288589088807702,0.4975915915423912,0.6906067943937682,0.2116699559889203,0.264316339063284,0.6308673469387756,0.7296768707482992,0.23499633143287088,0.3287000241943814,,,,,0.8834586466165414,-0.11617141257398822
87,external_uci,,switzerland,hungary,xgb,123.0,294,6,"['age', 'sex', 'cp', 'trestbps', 'exang', 'oldpeak']","{'subsample': 1.0, 'max_depth': 7, 'learning_rate': 0.01}",outputs\runs\20260301T225358_93bf3a3395d35eb1\external_uci\switzerland__to__hungary\xgb\results.json,0.7663338016860699,0.5643618814903805,0.3936713635921478,0.36054421768707484,0.53,0.36054421768707484,1.0,0.0,0.36054421768707484,0.4622647965035471,0.6788337984175052,0.7085517271144568,0.8248335797179077,0.478870066099947,0.6718078059101876,0.3536939464509487,0.432559884339571,0.30612244897959184,0.41496598639455784,0.41366303914359637,0.51031219368281,,,,,0.9035087719298246,-0.1371749702437547
88,external_uci,,switzerland,va,lgbm,123.0,200,6,"['age', 'sex', 'cp', 'trestbps', 'exang', 'oldpeak']","{'num_leaves': 63, 'max_depth': 7, 'learning_rate': 0.01}",outputs\runs\20260301T225358_93bf3a3395d35eb1\external_uci\switzerland__to__va\lgbm\results.json,0.5365837610211871,0.7594559268571722,0.22878313437979372,0.745,0.8538681948424068,0.745,1.0,0.0,0.745,0.1991893578450103,0.24769166048244196,0.44835680089051416,0.6411894165671048,0.6808351113352256,0.8441579972337632,0.1794047046779592,0.2820347469562134,0.68,0.8,0.14740234641241776,0.2643078369175403,,,,,0.6466666666666667,-0.11008290564547962
89,external_uci,,switzerland,va,lr,123.0,200,6,"['age', 'sex', 'cp', 'trestbps', 'exang', 'oldpeak']",{'C': 0.001},outputs\runs\20260301T225358_93bf3a3395d35eb1\external_uci\switzerland__to__va\lr\results.json,0.7250296091590998,0.8754562912003778,0.22537725258180216,0.745,0.8538681948424068,0.745,1.0,0.0,0.745,0.18949256707316464,0.18949256707316464,0.6441439235706902,0.7993149935013562,0.8144850349736112,0.9287592350183401,0.1775975580266577,0.28163355177367055,0.68,0.8,0.13444433298651637,0.254366268905996,,,,,0.8233333333333333,-0.0983037241742335
90,external_uci,,switzerland,va,rf,123.0,200,6,"['age', 'sex', 'cp', 'trestbps', 'exang', 'oldpeak']","{'max_depth': 5, 'min_samples_leaf': 5}",outputs\runs\20260301T225358_93bf3a3395d35eb1\external_uci\switzerland__to__va\rf\results.json,0.6070535596789052,0.7912730825811887,0.19313534291716614,0.705,0.8102893890675241,0.7777777777777778,0.8456375838926175,0.29411764705882354,0.745,0.12352258068397644,0.24575465506006855,0.5146779551019426,0.697408700778376,0.7199309533089184,0.8678080864379825,0.16038122151997897,0.22687287378138501,0.64,0.77,0.08723916807509248,0.18490763723792975,,,,,0.6666666666666667,-0.059613106987761566
91,external_uci,,switzerland,va,xgb,123.0,200,6,"['age', 'sex', 'cp', 'trestbps', 'exang', 'oldpeak']","{'subsample': 1.0, 'max_depth': 7, 'learning_rate': 0.01}",outputs\runs\20260301T225358_93bf3a3395d35eb1\external_uci\switzerland__to__va\xgb\results.json,0.6052770101329122,0.802939656753798,0.22186988592147827,0.745,0.8538681948424068,0.745,1.0,0.0,0.745,0.1935175487399101,0.722903847694397,0.517309511617292,0.6929298797932444,0.7262627555035417,0.8690727845858214,0.17454355172812938,0.2744175516068935,0.68,0.8,0.1409715938270092,0.2573056233003735,,,,,0.6933333333333334,-0.08805632320042112
92,external_uci,,va,cleveland,lgbm,200.0,303,10,"['age', 'sex', 'cp', 'trestbps', 'chol', 'fbs', 'restecg', 'thalach', 'exang', 'oldpeak']","{'num_leaves': 63, 'max_depth': 7, 'learning_rate': 0.01}",outputs\runs\20260301T225358_93bf3a3395d35eb1\external_uci\va__to__cleveland\lgbm\results.json,0.8041761712581155,0.8083784306231123,0.2410354176870987,0.5973597359735974,0.6855670103092784,0.5341365461847389,0.9568345323741008,0.2926829268292683,0.45874587458745875,0.23791538894342618,0.4180801272805002,0.7549176249447147,0.8498438446480555,0.7545830590678957,0.8624717513463738,0.21791945195702617,0.26445712504066404,0.5412541254125413,0.6468646864686468,0.19200507270208847,0.28517225063244434,,,,,0.9469696969696969,-0.14279352571158144
93,external_uci,,va,cleveland,lr,200.0,303,10,"['age', 'sex', 'cp', 'trestbps', 'chol', 'fbs', 'restecg', 'thalach', 'exang', 'oldpeak']",{'C': 0.01},outputs\runs\20260301T225358_93bf3a3395d35eb1\external_uci\va__to__cleveland\lr\results.json,0.7861905597473242,0.7540070863073844,0.42635058457796005,0.45874587458745875,0.6289592760180995,0.45874587458745875,1.0,0.0,0.45874587458745875,0.44103195415337115,0.7704576714782758,0.7353991567697209,0.8363873764227375,0.6839731955324607,0.8230207370885592,0.38299638362639193,0.46779605771428256,0.40594059405940597,0.5148514851485149,0.3877180825839012,0.49199617228919673,,,,,0.9632034632034632,-0.17701290345613896
94,external_uci,,va,cleveland,rf,200.0,303,10,"['age', 'sex', 'cp', 'trestbps', 'chol', 'fbs', 'restecg', 'thalach', 'exang', 'oldpeak']","{'max_depth': 5, 'min_samples_leaf': 5}",outputs\runs\20260301T225358_93bf3a3395d35eb1\external_uci\va__to__cleveland\rf\results.json,0.8331724864011228,0.826568486238236,0.19023105854326108,0.7095709570957096,0.7232704402515723,0.6424581005586593,0.8273381294964028,0.6097560975609756,0.45874587458745875,0.15596835706448692,0.21644492327252668,0.7859400241105637,0.8766889525055468,0.7687052317601831,0.8777396053327118,0.177769367463826,0.20358377426522634,0.6616336633663367,0.7524752475247525,0.1159593651841552,0.19881380050806002,,,,,0.9696969696969697,-0.13652448329584688
95,external_uci,,va,cleveland,xgb,200.0,303,10,"['age', 'sex', 'cp', 'trestbps', 'chol', 'fbs', 'restecg', 'thalach', 'exang', 'oldpeak']","{'subsample': 0.7, 'max_depth': 3, 'learning_rate': 0.01}",outputs\runs\20260301T225358_93bf3a3395d35eb1\external_uci\va__to__cleveland\xgb\results.json,0.81459466573083,0.8038844353452854,0.22919416427612305,0.6105610561056105,0.6861702127659575,0.5443037974683544,0.9280575539568345,0.34146341463414637,0.45874587458745875,0.2108185812585031,0.35230021476745604,0.7690468528456049,0.8602285688005886,0.7516692120904853,0.8628056868596667,0.20784991532564162,0.25267286598682404,0.5577557755775577,0.6633663366336634,0.17159949402899632,0.2590897830553574,,,,,0.948051948051948,-0.1334572823211181
96,external_uci,,va,hungary,lgbm,200.0,294,8,"['age', 'sex', 'cp', 'trestbps', 'chol', 'thalach', 'exang', 'oldpeak']","{'num_leaves': 63, 'max_depth': 7, 'learning_rate': 0.01}",outputs\runs\20260301T225358_93bf3a3395d35eb1\external_uci\va__to__hungary\lgbm\results.json,0.8661180248896027,0.767783528723039,0.1930809252362125,0.7653061224489796,0.735632183908046,0.6193548387096774,0.9056603773584906,0.6861702127659575,0.36054421768707484,0.20699581191881627,0.33710943452690195,0.8245021341870081,0.9088673119101742,0.6907846396346647,0.8451884834908958,0.17395196318453238,0.2106720744060106,0.717687074829932,0.8147108843537414,0.1773874665466066,0.2517867003141826,,,,,0.9016290726817042,-0.03551104779210157
97,external_uci,,va,hungary,lr,200.0,294,8,"['age', 'sex', 'cp', 'trestbps', 'chol', 'thalach', 'exang', 'oldpeak']",{'C': 0.001},outputs\runs\20260301T225358_93bf3a3395d35eb1\external_uci\va__to__hungary\lr\results.json,0.8977318346045765,0.8420413324348197,0.35414257987852465,0.36054421768707484,0.53,0.36054421768707484,1.0,0.0,0.36054421768707484,0.3660451828288517,0.6976353755532546,0.8637807601445588,0.9324897518362075,0.7814550422490755,0.8957516314441216,0.33062688977388527,0.3783559864781002,0.30612244897959184,0.41496598639455784,0.31364686724588997,0.4189013482755714,,,,,0.8721804511278195,0.025551383476757006
98,external_uci,,va,hungary,rf,200.0,294,8,"['age', 'sex', 'cp', 'trestbps', 'chol', 'thalach', 'exang', 'oldpeak']","{'max_depth': 10, 'min_samples_leaf': 10}",outputs\runs\20260301T225358_93bf3a3395d35eb1\external_uci\va__to__hungary\rf\results.json,0.8801686069851465,0.8037802821887767,0.17314329661887548,0.8061224489795918,0.6918918918918919,0.810126582278481,0.6037735849056604,0.9202127659574468,0.36054421768707484,0.17767599112410898,0.28125466955170364,0.838003334980237,0.9187196140230033,0.7325672377767899,0.8742046179833162,0.1608563425396847,0.184934965193883,0.7601190476190476,0.8521258503401359,0.14038974988085037,0.21841541540343953,,,,,0.8834586466165414,-0.0032900396313948477
99,external_uci,,va,hungary,xgb,200.0,294,8,"['age', 'sex', 'cp', 'trestbps', 'chol', 'thalach', 'exang', 'oldpeak']","{'subsample': 0.7, 'max_depth': 3, 'learning_rate': 0.01}",outputs\runs\20260301T225358_93bf3a3395d35eb1\external_uci\va__to__hungary\xgb\results.json,0.8601465274989964,0.7383011295573974,0.19914448261260986,0.7074829931972789,0.6906474820143885,0.5581395348837209,0.9056603773584906,0.5957446808510638,0.36054421768707484,0.21186397128364665,0.3268559413987237,0.8142097071034116,0.8987571387971635,0.6523773831034825,0.8302116222328755,0.17900973968207837,0.21680398918688296,0.6546768707482993,0.7602891156462583,0.1741291192645321,0.2570618020687379,,,,,0.9035087719298246,-0.043362244430828145
100,external_uci,,va,switzerland,lgbm,200.0,123,6,"['age', 'sex', 'cp', 'trestbps', 'exang', 'oldpeak']","{'num_leaves': 63, 'max_depth': 7, 'learning_rate': 0.01}",outputs\runs\20260301T225358_93bf3a3395d35eb1\external_uci\va__to__switzerland\lgbm\results.json,0.6315217391304347,0.9410499306154937,0.1242764983819239,0.8780487804878049,0.9333333333333333,0.9545454545454546,0.9130434782608695,0.375,0.9349593495934959,0.2249743772674679,0.4665470889829342,0.3272430369709585,0.8711895794099183,0.8757882137461014,0.9918993804240154,0.10143661101724909,0.14985516971833296,0.808739837398374,0.9310975609756096,0.17946931516238157,0.2741030348652317,,,,,0.696086956521739,-0.06456521739130427
101,external_uci,,va,switzerland,lr,200.0,123,6,"['age', 'sex', 'cp', 'trestbps', 'exang', 'oldpeak']",{'C': 0.001},outputs\runs\20260301T225358_93bf3a3395d35eb1\external_uci\va__to__switzerland\lr\results.json,0.7576086956521739,0.9748469578242794,0.09702560219045674,0.9349593495934959,0.9663865546218487,0.9349593495934959,1.0,0.0,0.9349593495934959,0.194088127173209,0.194088127173209,0.4825286041189932,0.9650869963369962,0.941077070172509,0.9981665051131252,0.0783708452257516,0.11977036708314925,0.8861788617886179,0.975609756097561,0.14659311637793715,0.23382539038716268,,,,,0.7243478260869565,0.033260869565217455
102,external_uci,,va,switzerland,rf,200.0,123,6,"['age', 'sex', 'cp', 'trestbps', 'exang', 'oldpeak']","{'max_depth': 5, 'min_samples_leaf': 10}",outputs\runs\20260301T225358_93bf3a3395d35eb1\external_uci\va__to__switzerland\rf\results.json,0.6978260869565217,0.9642297267890398,0.23170999391075425,0.5528455284552846,0.6961325966850829,0.9545454545454546,0.5478260869565217,0.625,0.9349593495934959,0.40749553685473716,0.5419826360428622,0.38894067796610166,0.9222922628219238,0.9199370849375901,0.9957816805786609,0.21159913081925996,0.25300302336216796,0.4634146341463415,0.6504065040650406,0.3614112531864237,0.44964125009383804,,,,,0.7217391304347827,-0.023913043478260954
103,external_uci,,va,switzerland,xgb,200.0,123,6,"['age', 'sex', 'cp', 'trestbps', 'exang', 'oldpeak']","{'subsample': 0.8, 'max_depth': 3, 'learning_rate': 0.01}",outputs\runs\20260301T225358_93bf3a3395d35eb1\external_uci\va__to__switzerland\xgb\results.json,0.7021739130434783,0.9554552528287523,0.12228182703256607,0.8699186991869918,0.9279279279279279,0.9626168224299065,0.8956521739130435,0.5,0.9349593495934959,0.24416640909706674,0.6490025520324707,0.40832626910413294,0.9332038666742615,0.8989337819695273,0.9959967982816075,0.09864829275757074,0.15016534626483916,0.808739837398374,0.926829268292683,0.2032759855796651,0.2933978713867141,,,,,0.758695652173913,-0.05652173913043468
